group,label,n,share,avg_place,shrunk_avg,score,d_avg,d_avg_pess,impact,d_top4,win,top2,top4,sd,z,p,significant
pepite,Executioner,1609,0.05006845904904157,3.209,3.484,-0.69,-0.965,-0.87,0.0345,0.1868,0.2262,0.4301,0.7526,1.89,-19.88,0.0,True
pepite,Spellweaver,2403,0.07477595220313667,3.546,3.678,-0.496,-0.629,-0.547,0.0371,0.1187,0.1723,0.3683,0.6846,1.958,-15.1,0.0,True
populaire,Brawler,6370,0.1982200647249191,3.63,3.679,-0.495,-0.545,-0.491,0.0981,0.1144,0.1578,0.3485,0.6802,1.984,-19.8,0.0,True
pepite,Sprykin,392,0.01219815782922579,2.926,3.701,-0.473,-1.248,-1.091,0.0058,0.276,0.2015,0.4694,0.8418,1.57,-15.57,0.0,True
populaire,Alune Unique Trait,5657,0.17603310928553648,3.66,3.713,-0.462,-0.514,-0.457,0.0813,0.0974,0.164,0.3534,0.6632,2.013,-17.59,0.0,True
pepite,Sprykin,1483,0.046147622603933285,3.513,3.713,-0.461,-0.661,-0.567,0.0213,0.1651,0.1194,0.3372,0.731,1.789,-13.8,0.0,True
pepite,Greenfather,3370,0.10486681603186458,3.63,3.717,-0.457,-0.544,-0.469,0.0479,0.0906,0.1881,0.3843,0.6564,2.109,-14.25,0.0,True
pepite,Lux Unique Trait,2710,0.08432910131939259,3.621,3.727,-0.447,-0.554,-0.47,0.0377,0.0888,0.1989,0.3819,0.6546,2.123,-13.04,0.0,True
,Elderwood,219,0.00681478715459298,2.457,3.738,-0.437,-1.718,-1.515,0.003,0.3018,0.3516,0.6256,0.8676,1.524,-16.58,0.0,True
,Brawler,526,0.01636793627084889,3.224,3.747,-0.428,-0.95,-0.789,0.007,0.1965,0.1749,0.4677,0.7624,1.865,-11.56,0.0,True
,Executioner,2263,0.07041946726412746,3.648,3.765,-0.41,-0.526,-0.439,0.0288,0.0926,0.1821,0.3513,0.6584,2.034,-11.86,0.0,True
populaire,Flora Fatalis,16272,0.5063480209111277,3.836,3.849,-0.325,-0.338,-0.299,0.1646,0.0676,0.1433,0.3234,0.6334,2.067,-16.88,0.0,True
,Blackthorn,748,0.023276076674134928,3.591,3.861,-0.314,-0.583,-0.425,0.0073,0.104,0.2259,0.389,0.6698,2.179,-7.24,0.0,True
,Emerald,3188,0.0992033856111526,3.814,3.874,-0.3,-0.36,-0.284,0.0297,0.0625,0.1584,0.3391,0.6283,2.099,-9.24,0.0,True
,Elderwood,1052,0.03273587254169778,3.716,3.89,-0.285,-0.458,-0.34,0.0093,0.0948,0.1369,0.3203,0.6606,1.92,-7.6,0.0,True
,Defender,851,0.026481204879263132,3.741,3.928,-0.247,-0.433,-0.297,0.0065,0.0887,0.1469,0.3302,0.6545,1.997,-6.23,0.0,True
,Sprykin,3094,0.09627831715210355,3.878,3.929,-0.245,-0.296,-0.22,0.0236,0.069,0.128,0.3142,0.6348,2.064,-7.61,0.0,True
,Blossom,3064,0.09534478466517302,3.884,3.934,-0.24,-0.29,-0.214,0.0229,0.0559,0.1403,0.3107,0.6217,2.059,-7.44,0.0,True
,Inferno,964,0.02999751058003485,3.777,3.936,-0.238,-0.397,-0.273,0.0072,0.0908,0.1141,0.3071,0.6566,1.937,-6.26,0.0,True
,Battlemage,3141,0.09774085138162808,3.91,3.955,-0.219,-0.264,-0.188,0.0214,0.0537,0.1449,0.3114,0.6195,2.092,-6.76,0.0,True
,Rival,2050,0.06379138660692059,3.887,3.955,-0.219,-0.287,-0.201,0.014,0.062,0.1098,0.2815,0.6278,1.923,-6.52,0.0,True
populaire,Spellweaver,4957,0.1542506845904904,3.945,3.971,-0.203,-0.23,-0.168,0.0314,0.0454,0.1309,0.2984,0.6113,2.054,-7.3,0.0,True
,Zyra Unique Trait,2585,0.08043938262384864,3.973,4.013,-0.161,-0.201,-0.117,0.0129,0.0369,0.1265,0.299,0.6027,2.083,-4.71,0.0,True
populaire,Defender,22431,0.6980022404779687,4.013,4.018,-0.157,-0.161,-0.125,0.1094,0.0331,0.1257,0.2926,0.5989,2.091,-8.83,0.0,True
,Lunar,118,0.0036718944485934777,3.322,4.042,-0.132,-0.852,-0.532,0.0005,0.1884,0.161,0.3644,0.7542,1.77,-5.22,0.0,True
,Inferno,104,0.003236245954692557,3.288,4.051,-0.123,-0.886,-0.517,0.0004,0.1361,0.2308,0.4135,0.7019,1.915,-4.71,0.0,True
,Rapidfire,2767,0.08610281304456062,4.035,4.062,-0.113,-0.139,-0.058,0.0097,0.0283,0.1193,0.2909,0.5941,2.087,-3.35,0.0008,True
,Lunar,301,0.009366442618869803,3.837,4.067,-0.108,-0.337,-0.109,0.001,0.0388,0.1628,0.3256,0.6047,2.011,-2.89,0.00381,True
,Eclipse,290,0.009024147373661936,3.845,4.072,-0.102,-0.329,-0.112,0.0009,0.0583,0.1241,0.2862,0.6241,1.879,-2.97,0.00299,True
,Invoker,480,0.014936519790888723,3.944,4.076,-0.099,-0.231,-0.053,0.0015,0.0779,0.0875,0.275,0.6438,1.965,-2.55,0.01083,True
,Elderwood,2535,0.07888349514563107,4.054,4.079,-0.096,-0.12,-0.035,0.0075,0.0204,0.1345,0.2793,0.5862,2.1,-2.77,0.00569,True
,Lunar,878,0.02732138411750062,4.017,4.084,-0.091,-0.157,-0.02,0.0025,0.0378,0.1321,0.2813,0.6036,2.047,-2.24,0.0249,True
,Blossom,106,0.0032984814538212595,3.547,4.085,-0.089,-0.627,-0.258,0.0003,0.1323,0.1604,0.3491,0.6981,1.933,-3.33,0.00086,True
,Invoker,210,0.006534727408513816,3.867,4.099,-0.076,-0.308,-0.043,0.0005,0.058,0.119,0.3048,0.6238,1.95,-2.28,0.02275,True
,Invoker,110,0.0034229524520786657,3.664,4.1,-0.075,-0.511,-0.164,0.0003,0.116,0.1,0.3364,0.6818,1.85,-2.89,0.00388,True
,Vanguard,442,0.013754045307443365,3.998,4.102,-0.072,-0.177,0.0,0.001,0.0224,0.1267,0.3009,0.5882,2.072,-1.78,0.07528,False
populaire,Spellweaver,19849,0.617656211102813,4.1,4.103,-0.071,-0.074,-0.037,0.0442,0.0166,0.117,0.2787,0.5824,2.1,-3.89,0.0001,True
,Invoker,2134,0.06640527757032612,4.107,4.122,-0.052,-0.067,0.0,0.0034,0.0181,0.1153,0.2755,0.5839,2.098,-1.44,0.15077,False
populaire,Executioner,6960,0.21657953696788648,4.123,4.128,-0.047,-0.051,0.0,0.0101,0.008,0.1121,0.273,0.5739,2.086,-1.84,0.06578,True
,Juggernaut,149,0.004636544685088374,3.94,4.13,-0.044,-0.235,0.0,0.0002,0.0651,0.0872,0.2953,0.6309,1.953,-1.46,0.14359,False
,Adaptor,116,0.0036096589494647746,3.931,4.137,-0.037,-0.243,0.0,0.0001,0.0721,0.069,0.2672,0.6379,1.874,-1.39,0.16315,False
,Hunter,161,0.005009957679860592,3.988,4.137,-0.037,-0.187,0.0,0.0002,0.0677,0.0994,0.2671,0.6335,1.987,-1.19,0.23465,False
,Caustic,1701,0.05293129200896191,4.127,4.14,-0.034,-0.047,0.0,0.0018,0.0197,0.0876,0.2622,0.5855,2.029,-0.93,0.34992,False
,Hunter,49,0.0015247697286532237,3.796,4.147,-0.027,-0.378,0.0,0.0,0.1077,0.1224,0.3469,0.6735,2.109,-1.25,0.20957,False
,Blackthorn,4396,0.1367936270848892,4.145,4.149,-0.026,-0.029,0.0,0.0035,0.0136,0.114,0.2737,0.5794,2.123,-0.86,0.38947,False
,Brawler,57,0.001773711725168036,3.877,4.15,-0.024,-0.297,0.0,0.0,0.1359,0.1228,0.2456,0.7018,1.892,-1.18,0.23648,False
,Rapidfire,334,0.010393328354493404,4.111,4.153,-0.022,-0.063,0.0,0.0002,0.012,0.1138,0.2784,0.5778,2.073,-0.56,0.5777,False
,Primal,182,0.0056634304207119745,4.082,4.154,-0.02,-0.092,0.0,0.0001,0.0111,0.1044,0.2473,0.5769,1.986,-0.62,0.53399,False
,Adaptor,106,0.0032984814538212595,4.113,4.166,-0.009,-0.061,0.0,0.0,0.0002,0.0943,0.2547,0.566,1.963,-0.32,0.74933,False
,Defender,2771,0.08622728404281803,4.167,4.169,-0.006,-0.007,0.0,0.0005,0.0087,0.1061,0.2595,0.5745,2.067,-0.17,0.86805,False
,Slayer,72,0.0022404779686333084,4.125,4.169,-0.005,-0.049,0.0,0.0,-0.0103,0.0972,0.2639,0.5556,1.943,-0.21,0.82991,False
,Blackthorn,1253,0.03899054020413244,4.186,4.182,0.008,0.012,0.0,-0.0003,0.0032,0.1125,0.2729,0.569,2.144,0.19,0.8497,False
,Rapidfire,66,0.0020537714712471995,4.273,4.183,0.009,0.098,0.0,-0.0,-0.0355,0.0606,0.2273,0.5303,1.895,0.42,0.67337,False
,Summoner,625,0.01944859347771969,4.195,4.185,0.01,0.021,0.0,-0.0002,0.0118,0.1088,0.2512,0.5776,2.104,0.25,0.80534,False
,Slayer,188,0.005850136918098083,4.229,4.187,0.012,0.054,0.0,-0.0001,-0.0179,0.1117,0.25,0.5479,2.087,0.36,0.72133,False
,Maokai Unique Trait,2166,0.06740104555638536,4.191,4.187,0.013,0.016,0.0,-0.0009,-0.0192,0.1205,0.2664,0.5466,2.103,0.35,0.72517,False
,Blossom,464,0.014438635797859098,4.235,4.2,0.025,0.061,0.0,-0.0004,-0.0076,0.0668,0.1983,0.5582,1.85,0.7,0.48403,False
,Inferno,2841,0.08840552651232263,4.216,4.208,0.034,0.042,0.0,-0.003,-0.0255,0.1214,0.2714,0.5403,2.137,0.99,0.32043,False
,Primal,1725,0.05367811799850635,4.23,4.215,0.041,0.056,0.0,-0.0022,-0.0191,0.1072,0.2522,0.5467,2.074,1.09,0.27606,False
,Lunar,2937,0.09139283047050037,4.248,4.235,0.06,0.074,0.0,-0.0055,-0.0187,0.1103,0.256,0.5472,2.126,1.8,0.07222,False
,Hunter,1272,0.039581777445855115,4.281,4.245,0.071,0.107,0.0,-0.0028,-0.0124,0.1006,0.2445,0.5535,2.098,1.79,0.07399,False
,Solar,640,0.019915359721184963,4.33,4.252,0.078,0.155,0.0,-0.0015,-0.0361,0.1078,0.2437,0.5297,2.103,1.85,0.06417,True
,Summoner,2832,0.08812546676624347,4.28,4.261,0.086,0.106,0.023,-0.0076,-0.027,0.1137,0.2585,0.5388,2.16,2.51,0.01204,True
,Blossom,774,0.024085138162808065,4.34,4.265,0.09,0.166,0.016,-0.0022,-0.0154,0.1021,0.2313,0.5504,2.098,2.17,0.03007,True
,Fae,674,0.020973363206372914,4.362,4.27,0.096,0.188,0.028,-0.002,-0.0272,0.0979,0.2285,0.5386,2.097,2.3,0.02143,True
,Coven,172,0.005352252925068459,4.773,4.301,0.126,0.599,0.248,-0.0007,-0.1414,0.1337,0.2209,0.4244,2.34,3.35,0.00081,True
populaire,Juggernaut,4921,0.15313044560617375,4.357,4.336,0.161,0.183,0.119,-0.0247,-0.0409,0.1047,0.2422,0.5249,2.135,5.6,0.0,True
,Adaptor,1235,0.03843042071197411,4.423,4.338,0.164,0.249,0.131,-0.0063,-0.0565,0.0818,0.2227,0.5093,2.083,4.12,4e-05,True
,Elderwood,1001,0.03114886731391586,4.454,4.344,0.17,0.279,0.152,-0.0053,-0.0653,0.0869,0.2038,0.5005,2.028,4.28,2e-05,True
,Slayer,4651,0.14472865322379885,4.377,4.352,0.178,0.203,0.138,-0.0258,-0.044,0.0974,0.2316,0.5218,2.103,6.14,0.0,True
,Apex Predator,343,0.010673388100572567,4.743,4.372,0.198,0.569,0.353,-0.0021,-0.1256,0.0787,0.1691,0.4402,2.029,5.17,0.0,True
,Fae,2741,0.08529375155588748,4.433,4.384,0.21,0.259,0.175,-0.0179,-0.0529,0.0978,0.236,0.513,2.154,6.06,0.0,True
,Riftbeast,603,0.01876400298730396,4.619,4.389,0.215,0.444,0.28,-0.004,-0.0899,0.0779,0.1841,0.476,2.044,5.29,0.0,True
,Coven,737,0.02293378142892706,4.619,4.412,0.237,0.444,0.284,-0.0054,-0.0868,0.0909,0.2198,0.479,2.205,5.42,0.0,True
,Rival,3869,0.12039457306447597,4.453,4.413,0.239,0.279,0.207,-0.0288,-0.0559,0.1003,0.229,0.51,2.143,7.65,0.0,True
populaire,Vanguard,6126,0.19062733383121733,4.458,4.431,0.257,0.283,0.225,-0.0489,-0.0609,0.1019,0.2295,0.5049,2.15,9.48,0.0,True
,Draven Unique Trait,1148,0.03572317649987553,4.634,4.469,0.295,0.46,0.335,-0.0105,-0.105,0.0958,0.2047,0.4608,2.129,7.19,0.0,True
populaire,Flora Fatalis,15864,0.4936519790888723,4.521,4.507,0.333,0.346,0.306,-0.1644,-0.0693,0.0832,0.2102,0.4965,2.095,17.0,0.0,True
,Inferno,2024,0.06298232511824745,4.733,4.598,0.424,0.559,0.469,-0.0267,-0.1221,0.0652,0.1625,0.4437,1.992,12.2,0.0,True
,Coven,384,0.01194921583271098,5.643,4.724,0.549,1.469,1.274,-0.0066,-0.282,0.0339,0.0833,0.2839,1.941,14.73,0.0,True
,Coven,793,0.024676375404530743,5.513,4.914,0.74,1.339,1.212,-0.0182,-0.2922,0.024,0.0656,0.2736,1.788,20.73,0.0,True
